model,mae,rmse,n_features,n_train,n_test
RandomForest_100,261.76862466943896,439.20829955652755,33,813767,203442
GradientBoosting,663.5869214119078,955.7396844966996,33,813767,203442
LinearRegression,2878.0459069536755,3842.3644293670195,33,813767,203442
Baseline_DummyMedian,2882.3480893817405,3845.717861987319,33,813767,203442
